step,index,mean_bigram_logit_kl_div,mean_unigram_logit_kl_div,mean_unigram_logit_js_div,mean_bigram_logit_js_div,mean_bigram_token_js_div,mean_logit_token_js_div,bottom_conf_bigram_logit_kl_div,bottom_conf_unigram_logit_kl_div,bottom_conf_unigram_logit_js_div,bottom_conf_bigram_logit_js_div,bottom_conf_bigram_token_js_div,bottom_conf_logit_token_js_div,top_conf_bigram_logit_kl_div,top_conf_unigram_logit_kl_div,top_conf_unigram_logit_js_div,top_conf_bigram_logit_js_div,top_conf_bigram_token_js_div,top_conf_logit_token_js_div
0,1023.5,5.398491646384936,3.1040263706778686,0.36683121227057086,0.5642045493560741,0.6192204810054132,0.6930216169742675,4.600485897382096,3.082590697259793,0.3665492233077545,0.5268445654620619,0.5562088445020461,0.6929785988107023,6.196497395387776,3.1254620440959435,0.36711320123338725,0.6015645332500862,0.6822321175087803,0.6930646351378325
1,1023.5,5.398491646384936,3.1040263706778686,0.36683121227057086,0.5642045493560741,0.6192204810054132,0.6930216169742675,4.600485897382096,3.082590697259793,0.3665492233077545,0.5268445654620619,0.5562088445020461,0.6929785988107023,6.196497395387776,3.1254620440959435,0.36711320123338725,0.6015645332500862,0.6822321175087803,0.6930646351378325
2,1023.5,5.393700045197505,3.099403716785457,0.36680720800455147,0.5641895386734616,0.6192204810054132,0.6930209903509593,4.596575871229522,3.0779770936166435,0.3665250184183355,0.526828855340927,0.5562088445020461,0.6929778575809474,6.1908242191654885,3.12083033995427,0.3670893975907674,0.6015502220059961,0.6822321175087803,0.6930641231209712
4,1023.5,5.21141674630549,2.923556753316252,0.36571308700219457,0.5634886760543706,0.6192204810054132,0.6929900426561507,4.44470649546909,2.9032199621671446,0.36542216206361,0.5261075423827584,0.5562088445020461,0.6929282313208212,5.97812699714189,2.9438935444653596,0.36600401194077914,0.6008698097259828,0.6822321175087803,0.6930518539914803
8,1023.5,4.7096856862253444,2.4379737609286636,0.3571696981767501,0.5576280283840145,0.6192204810054132,0.6924198427183261,3.990757249862342,2.425536043294287,0.35651790199291733,0.5201978402767004,0.5562088445020461,0.6915967918066503,5.428614122588346,2.45041147856304,0.3578214943605828,0.5950582164913285,0.6822321175087803,0.6932428936300019
16,1023.5,4.10720694726006,1.8718449322879875,0.3120343025664329,0.5218550714207686,0.6192204810054132,0.684307330458751,3.37810346095006,1.856816000818889,0.31071674417014644,0.48128884633363533,0.5562088445020461,0.6717954207463508,4.83631043357006,1.8868738637570863,0.3133518609627194,0.5624212965079018,0.6822321175087803,0.6968192401711513
32,1023.5,3.7379996906653363,1.9061864097125394,0.3098436282304439,0.4994113897821393,0.6192204810054132,0.676140401654369,3.005109835219701,1.7856202155111325,0.30313783419689483,0.4510459062029394,0.5562088445020461,0.6523619859126978,4.470889546110971,2.026752603913946,0.316549422263993,0.5477768733613392,0.6822321175087803,0.6999188173960401
64,1023.5,3.091667750764079,1.9785224792499614,0.2999447140400808,0.45887200234889236,0.6192204810054132,0.6620510684217317,2.4296720227101387,1.7296818894739896,0.28114808384776374,0.4051878737886508,0.5562088445020461,0.6222891756530642,3.7536634788180194,2.2273630690259334,0.31874134423239786,0.5125561309091339,0.6822321175087803,0.7018129611903993
128,1023.5,2.1093152808237736,1.3243005968043264,0.2227087009454498,0.3601101317010445,0.6192204810054132,0.6375582574287273,1.5477084558424417,1.0202935125981343,0.1849946424354432,0.3046308159767895,0.5562088445020461,0.5766481073433334,2.6709221058051056,1.6283076810105186,0.2604227594554564,0.4155894474252995,0.6822321175087803,0.6984684075141212
256,1023.5,1.1553471374331565,1.3639075938150047,0.24341547410062794,0.20367847509349324,0.6192204810054132,0.6144323843566403,0.6602410873522837,1.0537121523977335,0.19813847140369742,0.1393869481167771,0.5562088445020461,0.5415473145501076,1.6504531875140294,1.6741030352322759,0.28869247679755844,0.2679700020702094,0.6822321175087803,0.6873174541631728
512,1023.5,1.4043358317806287,2.4084699147043347,0.38022102778492506,0.22237320622320786,0.6192204810054132,0.5764368240674075,0.8677374230235592,1.9402027954744125,0.32377576881455145,0.15406341055395414,0.5562088445020461,0.48148542363485963,1.9409342405376981,2.876737033934257,0.43666628675529867,0.29068300189246155,0.6822321175087803,0.6713882244999554
1000,1023.5,2.662112995205889,4.044393707730093,0.4992213491053394,0.3369571918442122,0.6192204810054132,0.4634712616529468,1.626744408715834,3.0948551876513606,0.4370987151493414,0.24782136578728695,0.5562088445020461,0.31738408355621417,3.6974815816959437,4.993932227808825,0.5613439830613374,0.42609301790113746,0.6822321175087803,0.6095584397496795
2000,1023.5,3.6350856061847123,5.524998033330113,0.5486699698902531,0.3952372049153291,0.6192204810054132,0.41057241825464724,2.3449696641138136,4.26206605229764,0.4935542316399588,0.3067717173938028,0.5562088445020461,0.25581333340699147,4.925201548255611,6.787930014362585,0.6037857081405472,0.4837026924368554,0.6822321175087803,0.565331503102303
3000,1023.5,4.089903535767658,6.181216529626459,0.564044048659871,0.4149687487019594,0.6192204810054132,0.39444628904888923,2.6575142124492785,4.754219474886339,0.5131660322827151,0.3280678397596077,0.5562088445020461,0.23880990136876323,5.522292859086039,7.608213584366579,0.6149220650370271,0.501869657644311,0.6822321175087803,0.5500826767290152
4000,1023.5,4.300148920176781,6.455092623384423,0.5701113986345697,0.4233409557074849,0.6192204810054132,0.38483175634886063,2.8282115822047937,5.002629718362574,0.520845778150845,0.336599466036569,0.5562088445020461,0.22829312232218732,5.772086258148769,7.907555528406271,0.6193770191182943,0.5100824453784009,0.6822321175087803,0.5413703903755339
5000,1023.5,4.433291754367974,6.601101744948815,0.5734516739535745,0.42910417630057546,0.6192204810054132,0.3805021862187336,2.925377366791734,5.1104516359358625,0.5243759532939465,0.3429382814137017,0.5562088445020461,0.22378386918776613,5.941206141944214,8.09175185396177,0.6225273946132026,0.5152700711874493,0.6822321175087803,0.5372205032497012
6000,1023.5,4.570815946927975,6.738985359339565,0.5749457624367055,0.43255469029801047,0.6192204810054132,0.37509411421836925,2.977786137450304,5.1680778518946875,0.5257975327413974,0.34586163084881516,0.5562088445020461,0.21763417339875676,6.163845756405645,8.309892866784441,0.6240939921320137,0.5192477497472059,0.6822321175087803,0.5325540550379817
7000,1023.5,4.639175605459686,6.811253426876777,0.5765434013979583,0.4356085313307886,0.6192204810054132,0.3721132775325478,3.040754963734053,5.230141246797866,0.5274233133224226,0.3493548472762454,0.5562088445020461,0.2147674793693381,6.237596247185318,8.392365606955687,0.625663489473494,0.5218622153853318,0.6822321175087803,0.5294590756957576
8000,1023.5,4.726382040115959,6.983081344199569,0.5807172388651127,0.43939126790999616,0.6192204810054132,0.3703283764285787,3.1236724818081574,5.4082130145645815,0.5334804588414661,0.3534054384740778,0.5562088445020461,0.21295960825386825,6.3290915984237595,8.557949673834555,0.6279540188887592,0.5253770973459145,0.6822321175087803,0.5276971446032892
9000,1023.5,4.7704654276140435,6.940176545579332,0.5801865493213946,0.44115990773448827,0.6192204810054132,0.3682087405597456,3.1454488503204328,5.362498966116638,0.5323617642616153,0.3553835174294233,0.5562088445020461,0.21069514313410934,6.395482004907654,8.517854125042026,0.6280113343811737,0.5269362980395532,0.6822321175087803,0.5257223379853819
10000,1023.5,4.868622374110782,7.096005865638769,0.5826357528740401,0.4435516852412829,0.6192204810054132,0.36715384490362024,3.2036794983902426,5.473130239149611,0.535516329700401,0.3579056185724656,0.5562088445020461,0.2095953686302563,6.533565249831321,8.718881492127927,0.6297551760476792,0.5291977519101002,0.6822321175087803,0.5247123211769842
11000,1023.5,4.87402216825308,7.106237395606787,0.5819461491680301,0.44305302149577014,0.6192204810054132,0.3646089244369893,3.2058835923916873,5.464621127506158,0.5344274132651202,0.35716210194506626,0.5562088445020461,0.20689057863110497,6.542160744114473,8.747853663707415,0.6294648850709399,0.528943941046474,0.6822321175087803,0.5223272702428736
12000,1023.5,4.84720681053441,7.042218712992047,0.5823650805120617,0.44493073592735843,0.6192204810054132,0.36427153262427187,3.210430635696203,5.4363470284487265,0.5351009467676127,0.3594935230419716,0.5562088445020461,0.20676211862965627,6.4839829853726165,8.648090397535366,0.6296292142565107,0.5303679488127453,0.6822321175087803,0.5217809466188874
13000,1023.5,4.845113620564421,7.050461009631643,0.5816047316585078,0.4439623362887767,0.6192204810054132,0.3643487076372104,3.1943951284375824,5.416712271252263,0.5341521419912609,0.358292562591553,0.5562088445020461,0.20707019505540386,6.495832112691259,8.684209748011023,0.6290573213257545,0.5296321099860004,0.6822321175087803,0.5216272202190169
14000,1023.5,4.789698391832661,6.977163719257521,0.5788668962616751,0.4405655889728103,0.6192204810054132,0.3649845252713555,3.1379052964552345,5.335663981099625,0.5304443937157739,0.3547629144046944,0.5562088445020461,0.20832679923527414,6.4414914872100875,8.618663457415417,0.6272893988075763,0.5263682635409263,0.6822321175087803,0.5216422513074368
15000,1023.5,4.939934878684185,7.169029648985004,0.5833525245138595,0.4471645929907306,0.6192204810054132,0.36219468941831096,3.242291484791422,5.484910879747947,0.5358003199003764,0.3616079158618527,0.5562088445020461,0.2048348069334963,6.637578272576948,8.85314841822206,0.6309047291273426,0.5327212701196085,0.6822321175087803,0.5195545719031256
16000,1023.5,4.872968243855602,7.07640549522306,0.582149645545454,0.44580439435033514,0.6192204810054132,0.3620922652202544,3.231985583804832,5.454518192980607,0.5345145088377267,0.36043730960014053,0.5562088445020461,0.20498896219644724,6.513950903906371,8.698292797465513,0.6297847822531812,0.5311714791005298,0.6822321175087803,0.5191955682440614
17000,1023.5,5.01663952074796,7.278214166174178,0.584245898593725,0.4480062686947382,0.6192204810054132,0.3606517283408342,3.277333675179496,5.54355743123104,0.5368593295171745,0.3623624924994776,0.5562088445020461,0.20312460056373605,6.755945366316424,9.012870901117314,0.6316324676702754,0.5336500448899988,0.6822321175087803,0.5181788561179324
18000,1023.5,4.961894987781108,7.197183221198885,0.5838093497556729,0.4481534569287256,0.6192204810054132,0.36012248725280877,3.2706743549896076,5.511669716038364,0.5367987650223974,0.36308613242628063,0.5562088445020461,0.20312275569978872,6.653115620572608,8.882696726359406,0.6308199344889485,0.5332207814311706,0.6822321175087803,0.5171222188058288
19000,1023.5,5.101764387540773,7.353369964735906,0.5862268530486259,0.45148325900856684,0.6192204810054132,0.35802110088040473,3.3477870891778494,5.610220120140679,0.5396743913332884,0.36609485466306635,0.5562088445020461,0.1999173617950701,6.8557416859036975,9.096519809331134,0.6327793147639633,0.5368716633540673,0.6822321175087803,0.5161248399657394
20000,1023.5,5.072688896929994,7.325505382088424,0.5853893637446207,0.4503567218422548,0.6192204810054132,0.35926660532523313,3.3098311281551283,5.573792986350352,0.5384302774676781,0.36491088859639104,0.5562088445020461,0.2019204857450279,6.835546665704859,9.077217777826496,0.6323484500215631,0.5358025550881185,0.6822321175087803,0.5166127249054383
21000,1023.5,5.023223783403908,7.2940351087256285,0.5850569869311841,0.44957840399051274,0.6192204810054132,0.3585665642667091,3.309011832463405,5.579005255963163,0.538350604667768,0.3645970265882969,0.5562088445020461,0.2013276804054231,6.737435734344412,9.009064961488093,0.6317633691946003,0.5345597813927285,0.6822321175087803,0.5158054481279951
22000,1023.5,5.092367116863439,7.360187148105278,0.58684222570631,0.45156142745395733,0.6192204810054132,0.3571612361552904,3.3643759980566017,5.653903657788053,0.5409985771929534,0.36683483393702887,0.5562088445020461,0.19970283380954174,6.820358235670276,9.066470638422503,0.6326858742196665,0.5362880209708858,0.6822321175087803,0.5146196385010391
23000,1023.5,5.081102991128279,7.340030942218171,0.5860222449013168,0.4516259628816718,0.6192204810054132,0.3565832309102778,3.361706442000772,5.629098308250431,0.5394119058262306,0.36678209689936925,0.5562088445020461,0.19903540175739337,6.800499540255785,9.050963576185909,0.6326325839764031,0.5364698288639743,0.6822321175087803,0.5141310600631622
24000,1023.5,5.118669433453288,7.42268764297283,0.5871513425790138,0.4529406716024021,0.6192204810054132,0.35610124149521427,3.380750562498754,5.673118440755348,0.5408248067658643,0.3680090480670145,0.5562088445020461,0.19867022571432832,6.856588304407822,9.172256845190313,0.6334778783921633,0.5378722951377897,0.6822321175087803,0.5135322572761002
25000,1023.5,5.152320734755553,7.450770318966012,0.5875831627643764,0.45353081031451165,0.6192204810054132,0.35559500451751536,3.3904986276034887,5.6769834061892706,0.5414435637466896,0.368663221612421,0.5562088445020461,0.19812559038058497,6.914142841907618,9.224557231742754,0.6337227617820632,0.5383983990166024,0.6822321175087803,0.5130644186544457
26000,1023.5,5.10167800394321,7.43285943182405,0.5868398047220129,0.4527627158679212,0.6192204810054132,0.3570471695205743,3.358342939758522,5.668491453523464,0.5404931390930482,0.3677269695653357,0.5562088445020461,0.2002448060130046,6.845013068127897,9.197227410124636,0.6331864703509776,0.5377984621705068,0.6822321175087803,0.513849533028144
27000,1023.5,5.030583351818346,7.308112787824734,0.5850219276789501,0.44978561649916315,0.6192204810054132,0.35718519374508734,3.3096439627082646,5.577215466415579,0.5383385231038226,0.36472670202788904,0.5562088445020461,0.20044217786928434,6.751522740928428,9.03901010923389,0.6317053322540777,0.5348445309704373,0.6822321175087803,0.5139282096208904
28000,1023.5,5.1126494850823425,7.388108057518111,0.5870932603137597,0.4527942878837522,0.6192204810054132,0.3546440421144785,3.366839402415266,5.64818532233584,0.5406788962263767,0.36744949027479673,0.5562088445020461,0.1971650491731437,6.858459567749418,9.128030792700383,0.6335076244011428,0.5381390854927077,0.6822321175087803,0.5121230350558132
29000,1023.5,5.115130473691741,7.4329444061518055,0.5869323810858136,0.4522981010468501,0.6192204810054132,0.3546843720463521,3.3859482065651734,5.688415252733595,0.5407549003298451,0.3672704738238265,0.5562088445020461,0.19763217147652953,6.844312740818308,9.177473559570016,0.6331098618417822,0.5373257282698737,0.6822321175087803,0.5117365726161747
30000,1023.5,5.17937619388097,7.522830270340889,0.5891410922849221,0.4545939063676884,0.6192204810054132,0.35362446400691605,3.4283696210629255,5.769714359430246,0.5439558651083765,0.3698911345991992,0.5562088445020461,0.19652148803053823,6.930382766699015,9.275946181251532,0.6343263194614678,0.5392966781361777,0.6822321175087803,0.5107274399832938
31000,1023.5,5.18953920520247,7.521711893899279,0.5889880285114321,0.4551075656612269,0.6192204810054132,0.3532918033107204,3.430736920136358,5.763142164419738,0.543584447342218,0.37027351617461124,0.5562088445020461,0.19574536268607684,6.948341490268583,9.280281623378821,0.634391609680646,0.5399416151478426,0.6822321175087803,0.510838243935364
32000,1023.5,5.1428076514468355,7.45357632456486,0.5879088208155009,0.4537698650103587,0.6192204810054132,0.3543417666311244,3.3864529980534415,5.686987162274452,0.5418615931150269,0.3686811361148418,0.5562088445020461,0.19692909757581287,6.89916230484023,9.220165486855267,0.6339560485159749,0.5388585939058755,0.6822321175087803,0.511754435686436
33000,1023.5,5.1369908479778505,7.472921481805815,0.588637214295077,0.45500387419825655,0.6192204810054132,0.353458335243665,3.407350621949454,5.736826027794748,0.5432634551503315,0.3706920213133107,0.5562088445020461,0.19621082159497055,6.866631074006248,9.209016935816884,0.6340109734398226,0.5393157270832025,0.6822321175087803,0.5107058488923594
34000,1023.5,5.18741279261965,7.531954983586543,0.5883790997588738,0.4548998442562345,0.6192204810054132,0.3534606503436577,3.411263775138731,5.728581545446597,0.5424197213884793,0.37011101165502136,0.5562088445020461,0.19596966544719355,6.96356181010057,9.335328421726487,0.6343384781292684,0.5396886768574476,0.6822321175087803,0.5109516352401219
35000,1023.5,5.161641234234962,7.471184255146547,0.5884032186881919,0.4547908790853557,0.6192204810054132,0.3541371298219981,3.407060513170191,5.714953078992221,0.542633299964926,0.37030956533092707,0.5562088445020461,0.19707225528002403,6.916221955299732,9.227415431300873,0.6341731374114579,0.5392721928397843,0.6822321175087803,0.5112020043639721
36000,1023.5,5.2209864448046694,7.65730256277969,0.5893825080520341,0.4564380651030664,0.6192204810054132,0.35350190884323607,3.434479828848311,5.831061064340232,0.5440109158129687,0.3718364416660512,0.5562088445020461,0.19618850181246175,7.0074930607610275,9.483544061219147,0.6347541002910994,0.5410396885400816,0.6822321175087803,0.5108153158740104
37000,1023.5,5.114904356943001,7.495020831563174,0.5867506910682302,0.45281650702154197,0.6192204810054132,0.35325103550931225,3.3675106131204418,5.71081714597757,0.540288344016095,0.36769954306937347,0.5562088445020461,0.19606589899764224,6.86229810076556,9.279224517148778,0.6332130381203653,0.5379334709737104,0.6822321175087803,0.5104361720209823
38000,1023.5,5.1245117826155715,7.434799602316972,0.5865649101006507,0.4528954823504758,0.6192204810054132,0.35438734260922805,3.364838001875919,5.654954780896719,0.5400032928377723,0.36800099535393,0.5562088445020461,0.19742219350828158,6.884185563355224,9.214644423737226,0.633126527363529,0.5377899693470215,0.6822321175087803,0.5113524917101745
39000,1023.5,5.117414298386057,7.458227255227759,0.5883161710081731,0.4541039919338486,0.6192204810054132,0.35353587791688157,3.4076767164137527,5.7506126424624195,0.5429398521878401,0.36955198543274653,0.5562088445020461,0.1968515454789974,6.827151880358363,9.165841867993098,0.6336924898285061,0.5386559984349506,0.6822321175087803,0.5102202103547657
40000,1023.5,5.172159742390447,7.544991670367299,0.5880114542465109,0.4535495308254606,0.6192204810054132,0.3534646753040358,3.3950657821349726,5.751639506043336,0.5422379490672166,0.3685114621140158,0.5562088445020461,0.1965785584168225,6.949253702645921,9.338343834691262,0.6337849594258054,0.5385875995369055,0.6822321175087803,0.5103507921912491
41000,1023.5,5.204378924468618,7.58110527768669,0.5895284107829063,0.45540080623244095,0.6192204810054132,0.3515657874300936,3.450460592296556,5.803059544615734,0.5444060598996673,0.37091994137123085,0.5562088445020461,0.19455119839818727,6.95829725664068,9.359151010757646,0.6346507616661453,0.539881671093651,0.6822321175087803,0.5085803764619999
42000,1023.5,5.213088406808318,7.606982694213601,0.5886711686681966,0.4551847487864284,0.6192204810054132,0.35284066831390914,3.4477877515711044,5.79293729914524,0.5429924890671293,0.3707181548420107,0.5562088445020461,0.19576785278152548,6.978389062045531,9.421028089281961,0.634349848269264,0.5396513427308461,0.6822321175087803,0.5099134838462929
43000,1023.5,5.170957689757894,7.560022330458405,0.5883089888534093,0.45390024788658284,0.6192204810054132,0.3530030398235977,3.40574185978873,5.78925634960007,0.5426362183674684,0.3688675716979977,0.5562088445020461,0.19604837028104025,6.936173519727058,9.33078831131674,0.6339817593393503,0.538932924075168,0.6822321175087803,0.5099577093661551
44000,1023.5,5.2066829288895145,7.529399279493145,0.5882936987706311,0.45537771694724005,0.6192204810054132,0.3511020252708139,3.426288104355467,5.756158143746813,0.5424862690284264,0.3704714669925571,0.5562088445020461,0.19404601272120547,6.987077753423563,9.302640415239477,0.6341011285128358,0.5402839669019229,0.6822321175087803,0.5081580378204223
45000,1023.5,5.212591293443271,7.571553956745048,0.5883124412809635,0.454755573501452,0.6192204810054132,0.35111501689546565,3.4286363788684238,5.781343138326482,0.5422227406676686,0.36957629236487954,0.5562088445020461,0.1938474497520559,6.996546208018119,9.361764775163614,0.6344021418942584,0.5399348546380245,0.6822321175087803,0.5083825840388754
46000,1023.5,5.217917639923329,7.581752909407965,0.58839112939234,0.4545387591780913,0.6192204810054132,0.3512595633362041,3.4316474694209766,5.765914674923585,0.5424881797274915,0.3695408617370434,0.5562088445020461,0.19409821416504516,7.004187810425683,9.397591143892344,0.6342940790571884,0.5395366566191391,0.6822321175087803,0.508420912507363
47000,1023.5,5.217566460285811,7.5625083094034995,0.5893129121928806,0.4565394783614509,0.6192204810054132,0.35095660080473035,3.4646722853754093,5.803772402993559,0.5437481933791668,0.37182557954503714,0.5562088445020461,0.1936225447621801,6.970460635196212,9.32124421581344,0.6348776310065944,0.5412533771778647,0.6822321175087803,0.5082906568472806
48000,1023.5,5.173059765311321,7.524327960896457,0.588095428798434,0.4544463736492584,0.6192204810054132,0.3516059241671786,3.4116905137510263,5.745945439788624,0.5420785863663887,0.36964216584158716,0.5562088445020461,0.19483999239626293,6.934429016871618,9.30271048200429,0.6341122712304794,0.5392505814569296,0.6822321175087803,0.5083718559380943
49000,1023.5,5.270748824236713,7.654799935593562,0.5899156856492493,0.45651849109665465,0.6192204810054132,0.34992248960902217,3.4796385376321894,5.848435747503296,0.5446741679401407,0.37187678317402195,0.5562088445020461,0.19261602119998855,7.061859110841237,9.461164123683828,0.635157203358358,0.5411601990192874,0.6822321175087803,0.5072289580180558
50000,1023.5,5.179427052170572,7.5320503481922,0.5875682954602246,0.45411335314170986,0.6192204810054132,0.3510783804734068,3.4199415881966373,5.753167669665653,0.5411633014338504,0.3691299508129795,0.5562088445020461,0.19416126747106527,6.938912516144507,9.310933026718747,0.6339732894865988,0.5390967554704402,0.6822321175087803,0.5079954934757482
51000,1023.5,5.2902528991728,7.680384309177398,0.5896634656507909,0.45723713475523486,0.6192204810054132,0.350316503347624,3.468976841417654,5.822301059701181,0.5439947381457662,0.37247887384260236,0.5562088445020461,0.19293154733363488,7.111528956927946,9.538467558653613,0.6353321931558156,0.5419953956678674,0.6822321175087803,0.5077014593616131
52000,1023.5,5.360674060330904,7.763322254825736,0.5919138005684975,0.45895059423586726,0.6192204810054132,0.3482885845517069,3.531727395436537,5.916942824364667,0.5473381662379885,0.37439202226782053,0.5562088445020461,0.1906786752015413,7.189620725225272,9.609701685286806,0.6364894348990064,0.543509166203914,0.6822321175087803,0.5058984939018725
53000,1023.5,5.217370426154238,7.574118462473752,0.5890281315728806,0.45541257330236135,0.6192204810054132,0.35081718460502814,3.4391169316680665,5.791417411241613,0.5435789557846488,0.37076671160940283,0.5562088445020461,0.19428802771650813,6.995623920640409,9.35681951370589,0.6344773073611124,0.5400584349953199,0.6822321175087803,0.5073463414935482
54000,1023.5,5.328476542982836,7.7070201245584595,0.589742031912304,0.4570388185041504,0.6192204810054132,0.3499251208867291,3.4545957800818137,5.804071461040711,0.5439858006632603,0.37197955249743647,0.5562088445020461,0.19265041490238688,7.202357305883858,9.609968788076209,0.6354982631613477,0.5420980845108644,0.6822321175087803,0.5071998268710713
55000,1023.5,5.291666792345343,7.675379110004777,0.5900217680858164,0.4569460502647328,0.6192204810054132,0.34972892181566556,3.462841713245571,5.84478701414958,0.5446439160273051,0.37221539508067736,0.5562088445020461,0.19284225465765,7.1204918714451155,9.505971205859973,0.6353996201443278,0.5416767054487882,0.6822321175087803,0.5066155889736811
56000,1023.5,5.426844241191802,7.852423224745834,0.5930811756776109,0.46161160803396395,0.6192204810054132,0.34760810285791977,3.585884109841615,5.995842310373456,0.5488520228276492,0.3774683630529268,0.5562088445020461,0.18995753698505344,7.267804372541988,9.709004139118214,0.6373103285275726,0.545754853015001,0.6822321175087803,0.5052586687307861
57000,1023.5,5.353708088684075,7.81300745252914,0.5908234173108629,0.45811359012820285,0.6192204810054132,0.3485345251144539,3.52856881953921,5.9421411958790955,0.5459986820314183,0.3736507712241965,0.5562088445020461,0.19091025957392962,7.17884735782894,9.683873709179185,0.6356481525903074,0.5425764090322092,0.6822321175087803,0.5061587906549782
58000,1023.5,5.208835151791239,7.627260022541029,0.5881803468695971,0.45457936881313055,0.6192204810054132,0.3505857454863096,3.4271830800235414,5.815556855486785,0.5424598162227758,0.3699126917266143,0.5562088445020461,0.19405071505184793,6.990487223558936,9.438963189595272,0.6339008775164184,0.5392460458996468,0.6822321175087803,0.5071207759207712
59000,1023.5,5.3528628836969725,7.767852421334823,0.5916585326585929,0.4597580036390681,0.6192204810054132,0.347509173030595,3.525752951923023,5.920711146279398,0.5468470259127777,0.3751513242451708,0.5562088445020461,0.19000020584174643,7.179972815470922,9.614993696390247,0.636470039404408,0.5443646830329655,0.6822321175087803,0.5050181402194436
60000,1023.5,5.244626155418113,7.623075284853589,0.5894634948850394,0.4562426366741891,0.6192204810054132,0.34975282530236396,3.463283275506563,5.831281131297096,0.5441740654095254,0.3715087060288199,0.5562088445020461,0.19295963651064932,7.0259690353296635,9.414869438410081,0.6347529243605534,0.5409765673195583,0.6822321175087803,0.5065460140940786
61000,1023.5,5.341899319910402,7.771521604769509,0.5918715206376178,0.45943513559116356,0.6192204810054132,0.3478298056562419,3.5333158520376333,5.9497022827101915,0.5472411357833745,0.3747958297977609,0.5562088445020461,0.19046799811996254,7.15048278778317,9.593340926828827,0.6365019054918613,0.5440744413845663,0.6822321175087803,0.5051916131925213
62000,1023.5,5.320889459073772,7.694746377610935,0.5911857848598339,0.459334973902461,0.6192204810054132,0.34819759261859945,3.5181475263120787,5.884927795137778,0.5462552995083217,0.37465087813202175,0.5562088445020461,0.1907901124081988,7.123631391835467,9.504564960084092,0.6361162702113459,0.5440190696729003,0.6822321175087803,0.5056050728290001
63000,1023.5,5.255936081115711,7.66407109543566,0.5900453132856522,0.45705665764603315,0.6192204810054132,0.3489443856502178,3.485634333852508,5.883565564386704,0.5448555610068714,0.3724244335154991,0.5562088445020461,0.1920562448580554,7.026237828378914,9.444576626484615,0.6352350655644332,0.5416888817765673,0.6822321175087803,0.5058325264423802
64000,1023.5,5.270172033961199,7.674525276095746,0.5902665327221824,0.45758668479181774,0.6192204810054132,0.3486404693132838,3.4939884230019875,5.889029035371302,0.5454407164944436,0.3732022350439876,0.5562088445020461,0.1915600669020596,7.0463556449204106,9.46002151682019,0.6350923489499213,0.541971134539648,0.6822321175087803,0.505720871724508
65000,1023.5,5.3759285138817505,7.793141735662786,0.5914336033039248,0.4594738312613417,0.6192204810054132,0.3476446920055759,3.5488759069080174,5.946795092580675,0.5465546378536982,0.37498973621420284,0.5562088445020461,0.19048635296900798,7.202981120855484,9.639488378744897,0.6363125687541514,0.5439579263084806,0.6822321175087803,0.5048030310421439
66000,1023.5,5.334170497453824,7.751303172042407,0.5909029108862469,0.45847992449702796,0.6192204810054132,0.3478542784376642,3.523694924744511,5.923832738635621,0.5460847404308313,0.37411113208719293,0.5562088445020461,0.1906453375647691,7.144646070163138,9.578773605449193,0.6357210813416625,0.542848716906863,0.6822321175087803,0.5050632193105593
67000,1023.5,5.29331002839463,7.691475445944335,0.5904155649851895,0.4573155150069522,0.6192204810054132,0.34808789299643417,3.5114302518573894,5.907789820822678,0.545467268839942,0.3726922774431101,0.5562088445020461,0.19105061238385654,7.0751898049318696,9.475161071065992,0.635363861130437,0.5419387525707943,0.6822321175087803,0.5051251736090118
68000,1023.5,5.286853244659038,7.668834078437824,0.5900185697882608,0.4576386919920911,0.6192204810054132,0.34861679886110236,3.5096126745140834,5.886130667919695,0.544954229181581,0.37333048164161176,0.5562088445020461,0.19187477526514998,7.064093814803991,9.451537488955953,0.6350829103949407,0.5419469023425705,0.6822321175087803,0.5053588224570547
69000,1023.5,5.389091948714083,7.826762353239287,0.5920705043587019,0.459837707194843,0.6192204810054132,0.34629800928028265,3.5708077077601335,6.015316499595076,0.5474357825470763,0.37527617940847174,0.5562088445020461,0.18883147302905487,7.207376189668032,9.638208206883498,0.6367052261703275,0.5443992349812143,0.6822321175087803,0.5037645455315104
70000,1023.5,5.336486968781382,7.773089611111163,0.5912675804780223,0.45848039961560116,0.6192204810054132,0.3467351956082465,3.53896007750345,5.972374778008029,0.5465269855820984,0.37382204868718333,0.5562088445020461,0.18950523681375878,7.134013860059314,9.573804444214296,0.636008175373946,0.5431387505440189,0.6822321175087803,0.5039651544027343
71000,1023.5,5.350933209251263,7.8378026098024485,0.5911686804314571,0.4581833415213669,0.6192204810054132,0.34663502778931743,3.5493726184650143,6.041657114798305,0.5464630589080739,0.3735407007083103,0.5562088445020461,0.18931129069267577,7.1524938000375125,9.633948104806592,0.6358743019548403,0.5428259823344235,0.6822321175087803,0.503958764885959
72000,1023.5,5.346238886317257,7.782900245353931,0.5909330752930476,0.4587350008556097,0.6192204810054132,0.34614766949162584,3.552542486530079,5.982619680716254,0.5460353536034713,0.37438243642615443,0.5562088445020461,0.18890867448910142,7.139935286104436,9.583180809991608,0.635830796982624,0.543087565285065,0.6822321175087803,0.5033866644941503
73000,1023.5,5.357237956651566,7.812295000161529,0.5918034353129646,0.4592049795051688,0.6192204810054132,0.3467757684753706,3.5570276042786344,5.989487196037518,0.5471165364267101,0.3747294281790222,0.5562088445020461,0.18992730515094153,7.157448309024498,9.63510280428554,0.6364903341992192,0.5436805308313154,0.6822321175087803,0.5036242317997998
74000,1023.5,5.372584915587923,7.79912360424795,0.5914293663755076,0.4592397751787375,0.6192204810054132,0.34591574667615504,3.5405202609523956,5.9564629185246165,0.5462756844193997,0.37442226660531874,0.5562088445020461,0.1884902034696339,7.204649570223449,9.641784289971284,0.6365830483316154,0.5440572837521562,0.6822321175087803,0.5033412898826762
75000,1023.5,5.40875952483031,7.840332270019899,0.5927881988463122,0.461387212088498,0.6192204810054132,0.34571251845417744,3.5931721985139236,6.019767371822026,0.5483860561385285,0.37689890784210317,0.5562088445020461,0.18822040349327246,7.224346851146696,9.660897168217772,0.6371903415540959,0.5458755163348927,0.6822321175087803,0.5032046334150824
76000,1023.5,5.3702372662201725,7.782874089533679,0.5919709835021221,0.45995218392527776,0.6192204810054132,0.3453407757984782,3.568509040515789,5.999592241724812,0.5474603235675236,0.37553516396632264,0.5562088445020461,0.18801508414479456,7.1719654919245555,9.566155937342545,0.6364816434367205,0.5443692038842328,0.6822321175087803,0.5026664674521618
77000,1023.5,5.32061143977459,7.721522970736771,0.5908186343057072,0.45901016777258974,0.6192204810054132,0.3472811508121964,3.525936553634853,5.93097406872306,0.5459788063311395,0.3745825928484007,0.5562088445020461,0.1904544828657556,7.115286325914326,9.512071872750482,0.635658462280275,0.5434377426967788,0.6822321175087803,0.5041078187586372
78000,1023.5,5.415340894654267,7.862474566274064,0.593058084038066,0.46091129095986644,0.6192204810054132,0.3453821811242855,3.603694682378079,6.061151923001655,0.5490977749496799,0.376721939092063,0.5562088445020461,0.1884997485272375,7.226987106930456,9.663797209546473,0.637018393126452,0.5451006428276699,0.6822321175087803,0.5022646137213335
79000,1023.5,5.460313872613683,7.917384582867022,0.5924722398235519,0.4611082765734461,0.6192204810054132,0.345251695319494,3.601226640431143,6.047104896340354,0.5476568671126516,0.37655412119977183,0.5562088445020461,0.1880889343357211,7.3194011047962215,9.78766426939369,0.6372876125344521,0.5456624319471203,0.6822321175087803,0.5024144563032669
80000,1023.5,5.389367070023801,7.806316434256192,0.5913873379598887,0.45974072063085986,0.6192204810054132,0.3456198398604467,3.556816680943597,5.965346991359315,0.5462862908582954,0.3753017534918627,0.5562088445020461,0.18856038726496943,7.221917459104005,9.647285877153069,0.6364883850614821,0.5441796877698571,0.6822321175087803,0.502679292455924
81000,1023.5,5.369771603438891,7.776897162315665,0.5916578559365638,0.459966800869269,0.6192204810054132,0.34573814521898993,3.571953807114595,5.99307476850912,0.5469834694526547,0.3756156233867832,0.5562088445020461,0.1887896464228846,7.1675893997631865,9.56071955612221,0.636332242420473,0.5443179783517548,0.6822321175087803,0.5026866440150953
82000,1023.5,5.474036530077756,7.906160065869856,0.5932098970945873,0.4622947406627812,0.6192204810054132,0.3442695065831333,3.6241958584767002,6.040615399985566,0.5486819038802341,0.3779349292012195,0.5562088445020461,0.18664850767140398,7.323877201678812,9.771704731754145,0.6377378903089403,0.5466545521243429,0.6822321175087803,0.5018905054948627
83000,1023.5,5.411199397276708,7.871588666024851,0.592199853023691,0.46041641842312747,0.6192204810054132,0.3455016700599895,3.589073070999663,6.059429890332417,0.5476981936883267,0.37599791787907455,0.5562088445020461,0.18831129053976445,7.233325723553754,9.683747441717284,0.6367015123590553,0.5448349189671804,0.6822321175087803,0.5026920495802145
84000,1023.5,5.3678236317385215,7.803341058733838,0.5922651750066797,0.46009751007886585,0.6192204810054132,0.34559033813198453,3.58523541892934,6.037250639455049,0.5478057883086819,0.3757879497761868,0.5562088445020461,0.18880397528369802,7.150411844547704,9.569431478012627,0.6367245617046776,0.5444070703815449,0.6822321175087803,0.5023767009802711
85000,1023.5,5.3866757554550535,7.801292330932575,0.5910841796140334,0.45912827612436125,0.6192204810054132,0.34608854203891404,3.559109705133251,5.975150955458537,0.5461596427837011,0.3745140060674959,0.5562088445020461,0.18916856662309386,7.214241805776856,9.627433706406613,0.6360087164443655,0.5437425461812266,0.6822321175087803,0.5030085174547342
86000,1023.5,5.355923176236852,7.799327895168297,0.5915505371929488,0.4592181752940418,0.6192204810054132,0.3456968579682384,3.5670403815242175,6.022148787853534,0.5469809039000101,0.3748693883788543,0.5562088445020461,0.18892866162904298,7.144805970949488,9.57650700248306,0.6361201704858874,0.5435669622092293,0.6822321175087803,0.5024650543074338
87000,1023.5,5.445078508474696,7.899111555410988,0.5923846480452332,0.46140262561737555,0.6192204810054132,0.34483452382659063,3.604233922407154,6.0363558692572035,0.5475017655726238,0.3769313415409772,0.5562088445020461,0.1877712934424579,7.2859230945422375,9.761867241564772,0.6372675305178426,0.5458739096937739,0.6822321175087803,0.5018977542107235
88000,1023.5,5.467573566251486,7.949576620589715,0.5931236941615503,0.46081169118856136,0.6192204810054132,0.34362836703813937,3.6409789375782395,6.129301217922606,0.5486139245331753,0.37619717341369313,0.5562088445020461,0.1863996621315117,7.294168194924733,9.769852023256824,0.6376334637899255,0.5454262089634295,0.6822321175087803,0.500857071944767
89000,1023.5,5.41401759305038,7.865913039863914,0.5918315078492744,0.46021756702152483,0.6192204810054132,0.3442193460727734,3.5775939390055504,6.03096302197803,0.5468655107887104,0.37563105136471947,0.5562088445020461,0.18695283043268485,7.250441247095208,9.7008630577498,0.6367975049098386,0.5448040826783302,0.6822321175087803,0.5014858617128619
90000,1023.5,5.4282594567986715,7.8970545961774095,0.5921889701801886,0.4610501301018008,0.6192204810054132,0.34493059752540317,3.602998714649694,6.057222798031743,0.5474129345651179,0.37680183401756884,0.5562088445020461,0.1879777858003961,7.2535201989476485,9.736886394323076,0.6369650057952594,0.5452984261860326,0.6822321175087803,0.5018834092504102
91000,1023.5,5.550195527746805,8.023375248145049,0.5942430419794538,0.4631437542658471,0.6192204810054132,0.3431396842381553,3.673938441659993,6.155836011001819,0.5502880397923541,0.3788301886776574,0.5562088445020461,0.18575929788092652,7.426452613833617,9.89091448528828,0.6381980441665535,0.5474573198540368,0.6822321175087803,0.5005200705953841
92000,1023.5,5.4545397670219495,7.941731463979843,0.5924661038597818,0.46059204949707794,0.6192204810054132,0.3437454014601848,3.6094617239910223,6.106006123158009,0.5478942375186149,0.3760685018462257,0.5562088445020461,0.18653609823808834,7.299617810052878,9.777456804801677,0.6370379702009489,0.5451155971479302,0.6822321175087803,0.5009547046822813
93000,1023.5,5.4368070514998745,7.92527614518088,0.5925125075148946,0.4608899178540339,0.6192204810054132,0.34427128121463524,3.6087209969712806,6.094858883019272,0.5479840801829371,0.37651122461409037,0.5562088445020461,0.18740363200305,7.2648931060284685,9.755693407342488,0.6370409348468521,0.5452686110939774,0.6822321175087803,0.5011389304262205
94000,1023.5,5.492155901154797,7.983935679576601,0.5934925346870087,0.4615662835459252,0.6192204810054132,0.34415572306282655,3.6499436049026412,6.142313122312312,0.5493124539855383,0.3771648069527025,0.5562088445020461,0.1872636005623325,7.3343681974069534,9.825558236840891,0.6376726153884792,0.5459677601391479,0.6822321175087803,0.5010478455633206
95000,1023.5,5.432861172245449,7.9039305505441515,0.5923319304462178,0.4604883691970965,0.6192204810054132,0.34415320590048437,3.6099734596801896,6.081288396535766,0.5478186809104619,0.376136209491547,0.5562088445020461,0.18733889469533976,7.255748884810709,9.726572704552538,0.6368451799819735,0.544840528902646,0.6822321175087803,0.500967517105629
96000,1023.5,5.385091506901989,7.878958767851901,0.5923784644604893,0.4596907451237967,0.6192204810054132,0.3429395708353423,3.6053789729549224,6.108988893035181,0.5480968548561088,0.3752661306194558,0.5562088445020461,0.1859159447890252,7.164804040849056,9.64892864266862,0.6366600740648698,0.5441153596281376,0.6822321175087803,0.4999631968816594
97000,1023.5,5.422902161479158,7.899482349496692,0.592311884174671,0.4605145619168183,0.6192204810054132,0.34402308778708535,3.6099004792699767,6.081166896911649,0.5478931384998499,0.3762887138208417,0.5562088445020461,0.1871766961116675,7.235903843688339,9.717797802081735,0.636730629849492,0.5447404100127948,0.6822321175087803,0.5008694794625032
98000,1023.5,5.52503111261407,8.03087511960293,0.5940290603802215,0.46270342549795757,0.6192204810054132,0.3429419233936733,3.6670445619115357,6.174270126365941,0.5498389321470802,0.37830328108161987,0.5562088445020461,0.18558945587721323,7.383017663316605,9.88748011283992,0.6382191886133628,0.5471035699142952,0.6822321175087803,0.5002943909101334
99000,1023.5,5.458366865780615,7.921707047916933,0.5928526708675906,0.46099313314481877,0.6192204810054132,0.3427868933741583,3.639292333844969,6.12368704482986,0.548469217958031,0.37644509003866394,0.5562088445020461,0.18581531359569117,7.27744139771626,9.719727051004007,0.6372361237771501,0.5455411762509735,0.6822321175087803,0.49975847315262545
100000,1023.5,5.519191714580914,8.039680493250266,0.5943491940644205,0.4630741103168774,0.6192204810054132,0.34231037950094856,3.6820260479674296,6.205211422121069,0.5503231752786155,0.37885524798987513,0.5562088445020461,0.18517233825946486,7.356357381194398,9.874149564379463,0.6383752128502255,0.5472929726438797,0.6822321175087803,0.4994484207424323
101000,1023.5,5.532046670565408,8.034714445208452,0.5938723265628052,0.46270993481119604,0.6192204810054132,0.3423737334548081,3.669375525674255,6.175099400353682,0.5497301328106292,0.37848348325492404,0.5562088445020461,0.18530410674523687,7.39471781545656,9.894329490063225,0.6380145203149811,0.5469363863674681,0.6822321175087803,0.4994433601643793
102000,1023.5,5.436101608374007,7.89130058027235,0.5925845428363642,0.46185662000707184,0.6192204810054132,0.3432735010136537,3.6317487453739568,6.085386993633406,0.5477824356410396,0.37744708774906494,0.5562088445020461,0.18621231720536272,7.240454471374057,9.697214166911294,0.6373866500316888,0.5462661522650788,0.6822321175087803,0.5003346848219448
103000,1023.5,5.549221285769434,8.060509623206919,0.5941687527190687,0.46276469700661116,0.6192204810054132,0.3414291675832302,3.6987059157489486,6.217848952919533,0.5502642795449892,0.37848289700591864,0.5562088445020461,0.1842236034622041,7.39973665578992,9.903170293494306,0.6380732258931482,0.5470464970073036,0.6822321175087803,0.4986347317042563
104000,1023.5,5.446701194552629,7.94998945288342,0.593047555717131,0.46150900038147247,0.6192204810054132,0.3428045694607029,3.6386006689459482,6.137925857151048,0.5487029412822859,0.3772907751732396,0.5562088445020461,0.18609557566884685,7.25480172015931,9.762053048615792,0.637392170151976,0.5457272255897053,0.6822321175087803,0.499513563252559
105000,1023.5,5.466858617186662,7.981797889286225,0.5934089585307183,0.4615756501184502,0.6192204810054132,0.34240838933326756,3.6527423463593918,6.1629794867637555,0.5490490276819593,0.3772774919344133,0.5562088445020461,0.18553831795886228,7.280974888013932,9.800616291808696,0.6377688893794773,0.5458738083024871,0.6822321175087803,0.4992784607076728
106000,1023.5,5.479803846995143,7.956955284153902,0.5931375822226916,0.4620219715065705,0.6192204810054132,0.34275467116391534,3.6486734048686134,6.130573500653978,0.5486901530164728,0.37771891366267024,0.5562088445020461,0.18593500229956628,7.310934289121672,9.783337067653825,0.6375850114289103,0.5463250293504708,0.6822321175087803,0.4995743400282644
107000,1023.5,5.4549445977414095,7.940715775224528,0.5929780153492743,0.4622820172686433,0.6192204810054132,0.3428940169293451,3.641497213299613,6.137745814606037,0.5484190304936983,0.3779244108138487,0.5562088445020461,0.18597456986529565,7.268391982183205,9.74368573584302,0.6375370002048503,0.546639623723438,0.6822321175087803,0.4998134639933946
108000,1023.5,5.432771721419607,7.900674585952227,0.5922101114684938,0.46076025221442884,0.6192204810054132,0.34267339223703713,3.627725217540422,6.112067099261378,0.5474089230843244,0.3761535025337869,0.5562088445020461,0.1856663961766516,7.237818225298792,9.689282072643076,0.637011299852663,0.5453670018950708,0.6822321175087803,0.4996803882974227
109000,1023.5,5.522859154131004,8.03038095777761,0.5939968377180067,0.4630871772494097,0.6192204810054132,0.3418654676389501,3.6764668434096532,6.192247752607614,0.5498403855332239,0.37885032245551853,0.5562088445020461,0.1849139113951094,7.369251464852356,9.868514162947603,0.6381532899027896,0.5473240320433008,0.6822321175087803,0.4988170238827908
110000,1023.5,5.4507618293135085,7.937036996644142,0.5922708916662004,0.460552132089547,0.6192204810054132,0.3418932808848402,3.6245336425774344,6.1155056955302145,0.5473303054501198,0.3754872517509329,0.5562088445020461,0.18465533758420094,7.276990016049583,9.75856829775807,0.6372114778822809,0.5456170124281611,0.6822321175087803,0.49913122418547945
111000,1023.5,5.351322895391168,7.760476470400473,0.5909328959314741,0.4584886836650243,0.6192204810054132,0.3437804595908634,3.553341810225389,5.990476750736122,0.5457522511872743,0.37349246044949064,0.5562088445020461,0.18690482512614287,7.149303980556948,9.530476190064824,0.6361135406756739,0.5434849068805581,0.6822321175087803,0.500656094055584
112000,1023.5,5.349454307047854,7.790644111934265,0.5921333935912497,0.46019529636551987,0.6192204810054132,0.34263123148177715,3.6064471067528165,6.0846696691428654,0.5474348590504533,0.37564550388694873,0.5562088445020461,0.18578552312763372,7.092461507342892,9.496618554725664,0.6368319281320461,0.544745088844091,0.6822321175087803,0.4994769398359206
113000,1023.5,5.2065304948588444,7.504494617375623,0.5891344581963792,0.45773841821403755,0.6192204810054132,0.34481720293485957,3.4904245950740185,5.813832682681101,0.5433557367945093,0.3730173061346079,0.5562088445020461,0.1881910917933147,6.922636394643671,9.195156552070145,0.6349131795982492,0.5424595302934673,0.6822321175087803,0.5014433140764044
114000,1023.5,5.352068269179085,7.74480034933708,0.5911375822189744,0.459789062084661,0.6192204810054132,0.34309126253490835,3.578303087208878,6.0122731813129136,0.5457723213787342,0.37492583827847364,0.5562088445020461,0.18597438849377582,7.125833451149292,9.477327517361246,0.6365028430592147,0.5446522858908484,0.6822321175087803,0.5002081365760409
115000,1023.5,5.301232883211644,7.660069395844304,0.5911142550647536,0.46071809384992174,0.6192204810054132,0.34414104554859914,3.5673846882019284,5.941383350509007,0.545935215880984,0.3765113062735265,0.5562088445020461,0.18701531153307513,7.03508107822136,9.378755441179601,0.6362932942485231,0.5449248814263169,0.6822321175087803,0.5012667795641231
116000,1023.5,5.432838203485481,7.910801407253386,0.5931941275379139,0.46174370552119254,0.6192204810054132,0.34278127474193226,3.62841252312517,6.112211960584398,0.548560871734393,0.3773947524894077,0.5562088445020461,0.18527835517771232,7.237263883845792,9.709390853922374,0.6378273833414346,0.5460926585529774,0.6822321175087803,0.5002841943061522
117000,1023.5,5.38892933181442,7.8383746406299775,0.5912154677337904,0.4597797866958698,0.6192204810054132,0.3427517266793692,3.591520604109083,6.052733912235172,0.5459147861898669,0.3751985014532184,0.5562088445020461,0.18561514513238442,7.186338059519756,9.624015369024784,0.636516149277714,0.5443610719385211,0.6822321175087803,0.499888308226354
118000,1023.5,5.304841865980435,7.721755113820677,0.5903531192225704,0.4585349691552556,0.6192204810054132,0.34410195855292575,3.53798876338976,5.948444366651514,0.5448650967172872,0.37391397806555826,0.5562088445020461,0.18722359616083045,7.0716949685711095,9.495065860989842,0.6358411417278534,0.5431559602449529,0.6822321175087803,0.5009803209450211
119000,1023.5,5.351921388828211,7.749573683419203,0.589711017924797,0.45790067991656735,0.6192204810054132,0.3440649967153229,3.5353073346341577,5.939139628058103,0.5436510249391128,0.3729387429336649,0.5562088445020461,0.187119705427989,7.1685354430222645,9.560007738780302,0.6357710109104813,0.5428626168994698,0.6822321175087803,0.5010102880026569
120000,1023.5,5.386112915369796,7.823042075617048,0.5926584308745219,0.4608834029178681,0.6192204810054132,0.34307422979337315,3.616361332570598,6.090431978908613,0.5483577942452911,0.37674929007209,0.5562088445020461,0.18610334904973447,7.1558644981689925,9.555652172325482,0.6369590675037526,0.5450175157636462,0.6822321175087803,0.5000451105370118
121000,1023.5,5.428956298811849,7.910406965331114,0.591938401403917,0.46039371874411483,0.6192204810054132,0.34342287082548245,3.605738207987216,6.1068147034950195,0.5468872270538994,0.3756088026709663,0.5562088445020461,0.1864901295797558,7.252174389636483,9.713999227167207,0.6369895757539346,0.5451786348172634,0.6822321175087803,0.5003556120712092
122000,1023.5,5.397311066228452,7.881556987002885,0.5924990607560806,0.4607758015784212,0.6192204810054132,0.3427219425524512,3.6257826032879192,6.135108492830642,0.5476597168253114,0.3761767502116597,0.5562088445020461,0.1857599517878128,7.168839529168985,9.62800548117513,0.6373384046868498,0.5453748529451826,0.6822321175087803,0.49968393331708966
123000,1023.5,5.422076413065621,7.897742750643524,0.5919676484889593,0.46022871533648896,0.6192204810054132,0.3429233975264951,3.619488201438418,6.117909645959758,0.5470564897559058,0.3756765278686302,0.5562088445020461,0.18599860865519388,7.224664624692825,9.67757585532729,0.6368788072220128,0.5447809028043478,0.6822321175087803,0.4998481863977963
124000,1023.5,5.49487153819223,8.021313921768208,0.5931305305919607,0.461430798679215,0.6192204810054132,0.34213834298103024,3.6495458580444122,6.187670613963309,0.548551882604045,0.37677046797793434,0.5562088445020461,0.18517196203328865,7.340197218340048,9.854957229573106,0.6377091785798765,0.5460911293804956,0.6822321175087803,0.49910472392877187
125000,1023.5,5.479856620276169,8.028044986724339,0.5928529157305207,0.4607381933461322,0.6192204810054132,0.34223232757983474,3.653478496355498,6.219776170871957,0.5482701062500239,0.37595644742419554,0.5562088445020461,0.1851564486730418,7.30623474419684,9.83631380257672,0.6374357252110174,0.545519939268069,0.6822321175087803,0.49930820648662766
126000,1023.5,5.5298608142299,8.044846896206927,0.5939637691396519,0.4625163819112714,0.6192204810054132,0.34083104840008976,3.6734786767805807,6.20928415457315,0.5497817635345936,0.3780363395224902,0.5562088445020461,0.1835997219264927,7.38624295167922,9.880409637840703,0.6381457747447101,0.5469964243000526,0.6822321175087803,0.4980623748736869
127000,1023.5,5.486082828320242,8.02383742491486,0.5936454147418618,0.46217011726283597,0.6192204810054132,0.34215368164149335,3.667470325957899,6.210767813728896,0.5493270662325793,0.3776823781856026,0.5562088445020461,0.1850815589251314,7.304695330682584,9.836907036100824,0.6379637632511445,0.5466578563400694,0.6822321175087803,0.49922580435785524
128000,1023.5,5.4719298178330416,7.9813116747922885,0.5928499489503958,0.4617665978994173,0.6192204810054132,0.3427192660774784,3.659482826057242,6.185974999018115,0.548137422112164,0.37731515851920516,0.5562088445020461,0.18601201838183276,7.284376809608842,9.776648350566463,0.6375624757886275,0.5462180372796295,0.6822321175087803,0.49942651377312397
129000,1023.5,5.460539243032335,8.009895885296938,0.5927509236655155,0.46077313619777505,0.6192204810054132,0.34236964182283336,3.644743507670995,6.199267726804747,0.5480312215507527,0.3760905581167156,0.5562088445020461,0.18562877229487748,7.276334978393675,9.820524043789131,0.6374706257802782,0.5454557142788345,0.6822321175087803,0.49911051135078927
130000,1023.5,5.421380258974139,7.923404934545829,0.5929763876514844,0.4616864255542401,0.6192204810054132,0.3424288064075112,3.6282042147491054,6.151223726803958,0.5482833391892927,0.37707746659723435,0.5562088445020461,0.18533977813719332,7.214556303199172,9.695586142287699,0.6376694361136761,0.5462953845112459,0.6822321175087803,0.4995178346778292
131000,1023.5,5.541373219602939,8.082801310534379,0.5935046831221018,0.4621596686938624,0.6192204810054132,0.3417478523769206,3.683650247924029,6.238610574898555,0.548786240832723,0.3774460895964917,0.5562088445020461,0.18470614605533095,7.399096191281847,9.926992046170202,0.6382231254114806,0.5468732477912331,0.6822321175087803,0.4987895586985103
132000,1023.5,5.5049539072099485,8.02312050660179,0.5941083861378095,0.46259545833613186,0.6192204810054132,0.3419699669715715,3.6900628013934234,6.238726788814263,0.5501461710442995,0.3784263504988913,0.5562088445020461,0.18497460420354908,7.319845013026474,9.807514224389319,0.6380706012313193,0.5467645661733724,0.6822321175087803,0.49896532973959384
133000,1023.5,5.497541626363302,8.015677529886148,0.5933328547917646,0.4622634698310756,0.6192204810054132,0.3426880648449667,3.673218902825002,6.18998757243381,0.5488019796502996,0.3778336232933886,0.5562088445020461,0.18587412455110247,7.321864349901601,9.841367487338482,0.6378637299332294,0.5466933163687625,0.6822321175087803,0.49950200513883103
134000,1023.5,5.43014672835346,7.949952927198172,0.5921577043276075,0.4605952510252494,0.6192204810054132,0.34255935006342814,3.637580097080625,6.166841926233478,0.5472976612171083,0.37602269842333574,0.5562088445020461,0.1855349336731338,7.222713359626295,9.733063928162865,0.6370177474381067,0.5451678036271631,0.6822321175087803,0.49958376645372243
135000,1023.5,5.519409584188992,8.055511467535812,0.5943068593352291,0.46313220061621047,0.6192204810054132,0.34097285071163,3.694022597589595,6.238623019130364,0.5501900699152458,0.37884789910465066,0.5562088445020461,0.18365148652178043,7.344796570788388,9.87239991594126,0.6384236487552123,0.5474165021277703,0.6822321175087803,0.4982942149014796
136000,1023.5,5.482436476658889,7.980146530165931,0.5935502298125526,0.46196810159580504,0.6192204810054132,0.34216705436654254,3.6568338336875574,6.18782442232073,0.5491007225222219,0.3773449091269246,0.5562088445020461,0.1850360479414281,7.308039119630222,9.772468638011132,0.6379997371028832,0.5465912940646855,0.6822321175087803,0.499298060791657
137000,1023.5,5.549822977241573,8.098381774763501,0.5942347899776852,0.46320725899337917,0.6192204810054132,0.34172010684592097,3.7096014458339455,6.263999909724443,0.5500056183593995,0.37878744579601364,0.5562088445020461,0.1845790122007832,7.3900445086492,9.93276363980256,0.6384639615959709,0.5476270721907447,0.6822321175087803,0.49886120149105867
138000,1023.5,5.463873755806843,7.9442916576589795,0.5924767708123494,0.4610731511256738,0.6192204810054132,0.34195758684068683,3.660562347606714,6.162010015809646,0.5477594745685476,0.37660186501048315,0.5562088445020461,0.18492731058466794,7.267185164006973,9.726573299508313,0.6371940670561511,0.5455444372408645,0.6822321175087803,0.49898786309670573
139000,1023.5,5.525111163011273,8.066243336825986,0.5940546611782819,0.46264309050755525,0.6192204810054132,0.34133695088657223,3.6864656342924564,6.238620679720452,0.5501182568254762,0.37845068673536264,0.5562088445020461,0.18411434410493865,7.36375669173009,9.89386599393152,0.6379910655310875,0.546835494279748,0.6822321175087803,0.4985595576682058
140000,1023.5,5.474387066803635,7.9735293593323044,0.5923435560253758,0.46096917716134417,0.6192204810054132,0.3417997000967462,3.6528749436248265,6.172715752415264,0.54754836763344,0.37641959576251527,0.5562088445020461,0.18480924749514654,7.295899189982443,9.774342966249344,0.6371387444173117,0.5455187585601731,0.6822321175087803,0.4987901526983459
141000,1023.5,5.45486436769755,7.95249899192013,0.5928132767632269,0.46172125419820115,0.6192204810054132,0.34268723754856495,3.647257106301797,6.163331442603319,0.5482964325772539,0.37757389417550835,0.5562088445020461,0.18575095877872264,7.262471629093304,9.741666541236942,0.6373301209491998,0.5458686142208939,0.6822321175087803,0.49962351631840723
142000,1023.5,5.5425404805806595,8.072796618167645,0.5942420070349682,0.46286939260450555,0.6192204810054132,0.3412772045264761,3.7029914524228458,6.270998978055761,0.55023591322687,0.3784731184586777,0.5562088445020461,0.18414785785025345,7.382089508738472,9.87459425827953,0.6382481008430664,0.5472656667503334,0.6822321175087803,0.4984065512026987
143000,1023.5,5.493517532637664,7.969083323671239,0.5930117271703197,0.46155517060946805,0.6192204810054132,0.3414357280934324,3.671519090260763,6.183272280045552,0.548465389913091,0.37679341971793306,0.5562088445020461,0.1845721861648934,7.315515975014566,9.754894367296925,0.6375580644275484,0.5463169215010031,0.6822321175087803,0.4982992700219714
